exp_name,task_type,model_arch,model_size,rep,N,n_size,D,K,K_list,G,encoding,n_layer,n_embd,n_head,lr,wd,nsteps,support_size,stat_mem_frac,stat_mem_thresh,rule_onset_acc85,rule_onset_acc90,rule_onset_acc95,row_onset_90,col_onset_90,block_onset_90,mem_onset_mem10,mem_onset_mem20,mem_onset_mem35,mem_onset_mem50,mem_onset_stat,novel_onset_01,novel_onset_05,novel_onset_09
DiT_B_latinSq_n5_N4096_onehot,latinSq,DiT,B,1,4096,5.0,,,,,onehot,12.0,768.0,12.0,0.0001,,1000000,161280,0.025396825396825397,0.1253968253968254,29712.0,348832.0,,28944.0,40208.0,,59216.0,444064.0,,,140960.0,1412.0,6280.0,
DiT_B_latinSq_n5_N4096_scalar,latinSq,DiT,B,1,4096,5.0,,,,,scalar,12.0,768.0,12.0,0.0001,,1000000,161280,0.025396825396825397,0.1253968253968254,9224.0,12560.0,16144.0,9736.0,9224.0,,28688.0,50512.0,458400.0,516768.0,31504.0,268.0,340.0,14352.0
DiT_B_latinSq_n6_N4096_onehot,latinSq,DiT,B,1,4096,6.0,,,,,onehot,12.0,768.0,12.0,0.0001,,1000000,812851200,5.0390526581002774e-06,0.1000050390526581,148128.0,,,131744.0,,,,,,,,2724.0,19984.0,
DiT_B_latinSq_n6_N4096_scalar,latinSq,DiT,B,1,4096,6.0,,,,,scalar,12.0,768.0,12.0,0.0001,,1000000,812851200,5.0390526581002774e-06,0.1000050390526581,16144.0,85840.0,,16144.0,24848.0,,174752.0,212640.0,271008.0,356000.0,174752.0,548.0,7560.0,85840.0
DiT_mini_exactK_N4096_D36_K12,exactK,DiT,mini,1,4096,,36.0,12.0,,,,6.0,384.0,6.0,0.0001,,1000000,1251677700,3.2724079050062168e-06,0.100003272407905,2596.0,3172.0,5256.0,,,,657056.0,803488.0,,,657056.0,324.0,996.0,3172.0
DiT_mini_exactK_N4096_D36_K18,exactK,DiT,mini,1,4096,,36.0,18.0,,,,6.0,384.0,6.0,0.0001,,1000000,9075135300,4.5134313314314994e-07,0.10000045134313315,3460.0,4132.0,4932.0,,,,580256.0,726688.0,970400.0,,580256.0,412.0,1988.0,4132.0
DiT_mini_exactK_N4096_D36_K3,exactK,DiT,mini,1,4096,,36.0,3.0,,,,6.0,384.0,6.0,0.0001,,1000000,7140,0.5736694677871148,0.6736694677871148,1860.0,2292.0,4196.0,,,,404.0,612.0,804.0,2148.0,511648.0,460.0,,
DiT_mini_exactK_N4096_D36_K4,exactK,DiT,mini,1,4096,,36.0,4.0,,,,6.0,384.0,6.0,0.0001,,1000000,58905,0.06953569306510483,0.16953569306510485,1844.0,1956.0,2628.0,,,,241312.0,290464.0,333472.0,392864.0,281248.0,404.0,820.0,5000.0
DiT_mini_exactK_N4096_D36_K6,exactK,DiT,mini,1,4096,,36.0,6.0,,,,6.0,384.0,6.0,0.0001,,1000000,1947792,0.002102893943501154,0.10210289394350117,2196.0,2852.0,3780.0,,,,341664.0,416416.0,535200.0,758432.0,341664.0,396.0,1044.0,2852.0
DiT_mini_exactK_N4096_D36_K8,exactK,DiT,mini,1,4096,,36.0,8.0,,,,6.0,384.0,6.0,0.0001,,1000000,30260340,0.00013535869061616625,0.10013535869061617,1924.0,3268.0,5000.0,,,,418464.0,538272.0,717472.0,968352.0,418464.0,364.0,916.0,3268.0
DiT_mini_exactK_N4096_D36_K9,exactK,DiT,mini,1,4096,,36.0,9.0,,,,6.0,384.0,6.0,0.0001,,1000000,94143280,4.350815055519629e-05,0.1000435081505552,2084.0,2532.0,7304.0,,,,518816.0,657056.0,898720.0,,518816.0,332.0,1028.0,2532.0
DiT_mini_globalK15_n6_N4096,globalK,DiT,mini,1,4096,6.0,,,"[1, 5]",,,6.0,384.0,6.0,0.0001,,1000000,93312,0.0438957475994513,0.1438957475994513,1220.0,1620.0,2436.0,628.0,,,649888.0,747168.0,828064.0,917152.0,703136.0,532.0,676.0,2116.0
DiT_mini_globalK24_n6_N4096,globalK,DiT,mini,1,4096,6.0,,,"[2, 4]",,,6.0,384.0,6.0,0.0001,,1000000,22781250,0.00017979698216735255,0.10017979698216736,3364.0,4356.0,5640.0,2692.0,,,565920.0,753312.0,,,570016.0,1764.0,2532.0,4356.0
DiT_mini_latinSq_n5_N4096_onehot,latinSq,DiT,mini,1,4096,5.0,,,,,onehot,6.0,384.0,6.0,0.0001,,1000000,161280,0.025396825396825397,0.1253968253968254,78160.0,778912.0,,442016.0,63312.0,,112288.0,,,,194208.0,3460.0,10768.0,
DiT_mini_latinSq_n5_N4096_scalar,latinSq,DiT,mini,1,4096,5.0,,,,,scalar,6.0,384.0,6.0,0.0001,,1000000,161280,0.025396825396825397,0.1253968253968254,16656.0,25616.0,37392.0,18192.0,16656.0,,59216.0,116384.0,832160.0,975520.0,65360.0,340.0,348.0,33040.0
DiT_mini_latinSq_n6_N4096_onehot,latinSq,DiT,mini,1,4096,6.0,,,,,onehot,6.0,384.0,6.0,0.0001,,1000000,812851200,5.0390526581002774e-06,0.1000050390526581,,,,642720.0,,,,,,,,11280.0,43792.0,
DiT_mini_latinSq_n6_N4096_onehot_zeromean_autoSD,latinSq,DiT,mini,1,4096,6.0,,,,,onehot,6.0,384.0,6.0,0.0001,,1000000,812851200,5.0390526581002774e-06,0.1000050390526581,262816.0,,,,258720.0,,,,,,,2564.0,17424.0,
DiT_mini_latinSq_n6_N4096_onehot_zeroone_autoSD,latinSq,DiT,mini,1,4096,6.0,,,,,onehot,6.0,384.0,6.0,0.0001,,1000000,812851200,5.0390526581002774e-06,0.1000050390526581,,,,,465568.0,,,,,,,3556.0,19216.0,
DiT_mini_latinSq_n6_N4096_scalar,latinSq,DiT,mini,1,4096,6.0,,,,,scalar,6.0,384.0,6.0,0.0001,,1000000,812851200,5.0390526581002774e-06,0.1000050390526581,,,,,,,585376.0,884384.0,,,585376.0,772.0,18960.0,
DiT_mini_parity_N32768_D36_G4_even_rep2,parity,DiT,mini,2,32768,,36.0,,,4.0,,6.0,384.0,6.0,0.0001,0.0,1000000,134217728,0.000244140625,0.100244140625,,,,,,,,,,,,,,
DiT_mini_parity_N32768_D36_G4_even_rep3,parity,DiT,mini,3,32768,,36.0,,,4.0,,6.0,384.0,6.0,0.0001,0.0,1000000,134217728,0.000244140625,0.100244140625,,,,,,,,,,,,,,
DiT_mini_parity_N32768_D36_G6_even_rep2,parity,DiT,mini,2,32768,,36.0,,,6.0,,6.0,384.0,6.0,0.0001,0.0,1000000,1073741824,3.0517578125e-05,0.100030517578125,,,,,,,,,,,,,,
DiT_mini_parity_N32768_D36_G6_even_rep3,parity,DiT,mini,3,32768,,36.0,,,6.0,,6.0,384.0,6.0,0.0001,0.0,1000000,1073741824,3.0517578125e-05,0.100030517578125,,,,,,,,,,,,,,
DiT_mini_parity_N4096_D36_G12_even_rep2,parity,DiT,mini,2,4096,,36.0,,,12.0,,6.0,384.0,6.0,0.0001,,1000000,8589934592,4.76837158203125e-07,0.10000047683715821,,,,,,,541344.0,698016.0,989856.0,,541344.0,484.0,,
DiT_mini_parity_N4096_D36_G18_even_rep2,parity,DiT,mini,2,4096,,36.0,,,18.0,,6.0,384.0,6.0,0.0001,,1000000,17179869184,2.384185791015625e-07,0.10000023841857911,,,,,,,435872.0,557728.0,819872.0,,435872.0,188.0,,
DiT_mini_parity_N4096_D36_G2_even_rep2,parity,DiT,mini,2,4096,,36.0,,,2.0,,6.0,384.0,6.0,0.0001,,1000000,262144,0.015625,0.115625,756.0,1108.0,1444.0,436.0,,,357024.0,417440.0,528032.0,684704.0,362144.0,412.0,500.0,1108.0
DiT_mini_parity_N4096_D36_G36_even_rep2,parity,DiT,mini,2,4096,,36.0,,,36.0,,6.0,384.0,6.0,0.0001,,1000000,34359738368,1.1920928955078125e-07,0.10000011920928956,,,,,,,481952.0,638624.0,935584.0,,481952.0,276.0,8584.0,
DiT_mini_parity_N4096_D36_G3_even_rep2,parity,DiT,mini,2,4096,,36.0,,,3.0,,6.0,384.0,6.0,0.0001,,1000000,16777216,0.000244140625,0.100244140625,17680.0,17680.0,17680.0,17168.0,,,534176.0,678560.0,885408.0,,534176.0,17168.0,17168.0,17680.0
DiT_mini_parity_N4096_D36_G4_even_rep2,parity,DiT,mini,2,4096,,36.0,,,4.0,,6.0,384.0,6.0,0.0001,,1000000,134217728,3.0517578125e-05,0.100030517578125,104096.0,104096.0,104096.0,104096.0,,,677536.0,838304.0,,,677536.0,101024.0,104096.0,104096.0
DiT_mini_parity_N4096_D36_G6_even_lr1e3,parity,DiT,mini,1,4096,,36.0,,,6.0,,6.0,384.0,6.0,0.001,,1000000,1073741824,3.814697265625e-06,0.10000381469726563,,,,,,,,,,,,,,
DiT_mini_parity_N4096_D36_G6_even_lr1e4,parity,DiT,mini,1,4096,,36.0,,,6.0,,6.0,384.0,6.0,0.0001,,1000000,1073741824,3.814697265625e-06,0.10000381469726563,191136.0,191136.0,191136.0,181920.0,,,557728.0,730784.0,,,557728.0,156320.0,191136.0,191136.0
DiT_mini_parity_N4096_D36_G6_even_lr1e5,parity,DiT,mini,1,4096,,36.0,,,6.0,,6.0,384.0,6.0,1e-05,,1000000,1073741824,3.814697265625e-06,0.10000381469726563,612000.0,615072.0,615072.0,610976.0,,,,,,,,576160.0,610976.0,615072.0
DiT_mini_parity_N4096_D36_G6_even_lr3e3,parity,DiT,mini,1,4096,,36.0,,,6.0,,6.0,384.0,6.0,0.003,,1000000,1073741824,3.814697265625e-06,0.10000381469726563,,,,,,,,,,,,,,
DiT_mini_parity_N4096_D36_G6_even_lr3e4,parity,DiT,mini,1,4096,,36.0,,,6.0,,6.0,384.0,6.0,0.0003,,1000000,1073741824,3.814697265625e-06,0.10000381469726563,664224.0,665248.0,668320.0,662176.0,,,,,,,,656032.0,662176.0,665248.0
DiT_mini_parity_N4096_D36_G6_even_lr3e5,parity,DiT,mini,1,4096,,36.0,,,6.0,,6.0,384.0,6.0,3e-05,,1000000,1073741824,3.814697265625e-06,0.10000381469726563,229024.0,229024.0,229024.0,229024.0,,,926368.0,,,,926368.0,206496.0,229024.0,229024.0
DiT_mini_parity_N4096_D36_G6_even_rep2,parity,DiT,mini,2,4096,,36.0,,,6.0,,6.0,384.0,6.0,0.0001,,1000000,1073741824,3.814697265625e-06,0.10000381469726563,139936.0,139936.0,139936.0,139936.0,,,691872.0,905888.0,,,691872.0,112288.0,139936.0,139936.0
DiT_mini_parity_N4096_D36_G6_even_wd1e2,parity,DiT,mini,1,4096,,36.0,,,6.0,,6.0,384.0,6.0,0.0001,0.01,1000000,1073741824,3.814697265625e-06,0.10000381469726563,,,,,,,459424.0,590496.0,872096.0,,459424.0,294560.0,,
DiT_mini_parity_N4096_D36_G6_even_wd1e3,parity,DiT,mini,1,4096,,36.0,,,6.0,,6.0,384.0,6.0,0.0001,0.001,1000000,1073741824,3.814697265625e-06,0.10000381469726563,136864.0,136864.0,136864.0,135840.0,,,761504.0,994976.0,,,761504.0,124576.0,135840.0,136864.0
DiT_mini_parity_N4096_D36_G6_even_wd1e4,parity,DiT,mini,1,4096,,36.0,,,6.0,,6.0,384.0,6.0,0.0001,0.0001,1000000,1073741824,3.814697265625e-06,0.10000381469726563,168608.0,168608.0,168608.0,167584.0,,,624288.0,850592.0,,,624288.0,134816.0,168608.0,168608.0
DiT_mini_parity_N4096_D36_G6_even_wd1e5,parity,DiT,mini,1,4096,,36.0,,,6.0,,6.0,384.0,6.0,0.0001,1e-05,1000000,1073741824,3.814697265625e-06,0.10000381469726563,116384.0,116384.0,116384.0,116384.0,,,665248.0,901792.0,,,665248.0,115360.0,116384.0,116384.0
DiT_mini_parity_N4096_D36_G6_even_wd1e6,parity,DiT,mini,1,4096,,36.0,,,6.0,,6.0,384.0,6.0,0.0001,1e-06,1000000,1073741824,3.814697265625e-06,0.10000381469726563,111264.0,111264.0,112288.0,111264.0,,,703136.0,979616.0,,,703136.0,111264.0,111264.0,111264.0
DiT_mini_parity_N4096_D36_G6_even_wd5e2,parity,DiT,mini,1,4096,,36.0,,,6.0,,6.0,384.0,6.0,0.0001,0.05,1000000,1073741824,3.814697265625e-06,0.10000381469726563,128672.0,128672.0,128672.0,128672.0,,,783008.0,,,,783008.0,127648.0,128672.0,128672.0
DiT_mini_parity_N4096_D36_G9_even_rep2,parity,DiT,mini,2,4096,,36.0,,,9.0,,6.0,384.0,6.0,0.0001,,1000000,4294967296,9.5367431640625e-07,0.10000095367431641,,,,,,,437920.0,554656.0,857760.0,,437920.0,,,
DiT_mini_parity_N65536_D36_G4_even_rep2,parity,DiT,mini,2,65536,,36.0,,,4.0,,6.0,384.0,6.0,0.0001,0.0,1000000,134217728,0.00048828125,0.10048828125,,,,,,,,,,,,,,
DiT_mini_parity_N65536_D36_G4_even_rep3,parity,DiT,mini,3,65536,,36.0,,,4.0,,6.0,384.0,6.0,0.0001,0.0,1000000,134217728,0.00048828125,0.10048828125,,,,,,,,,,,,,,
DiT_mini_parity_N65536_D36_G6_even_rep2,parity,DiT,mini,2,65536,,36.0,,,6.0,,6.0,384.0,6.0,0.0001,0.0,1000000,1073741824,6.103515625e-05,0.10006103515625,,,,,,,,,,,,,,
DiT_mini_parity_N65536_D36_G6_even_rep3,parity,DiT,mini,3,65536,,36.0,,,6.0,,6.0,384.0,6.0,0.0001,0.0,1000000,1073741824,6.103515625e-05,0.10006103515625,,,,,,,,,,,,,,
DiT_mini_rowK2_n6_N4096,rowK,DiT,mini,1,4096,6.0,,2.0,,,,6.0,384.0,6.0,0.0001,,1000000,11390625,0.0003595939643347051,0.1003595939643347,868.0,1012.0,1460.0,596.0,,,579232.0,754336.0,,,579232.0,372.0,644.0,1012.0
DiT_mini_rowK3_n6_N4096,rowK,DiT,mini,1,4096,6.0,,3.0,,,,6.0,384.0,6.0,0.0001,,1000000,64000000,6.4e-05,0.100064,1044.0,1300.0,1780.0,724.0,,,543392.0,730784.0,,,543392.0,580.0,724.0,1300.0
DiT_mini_rowOnly_n6_N4096_onehot,rowOnly,DiT,mini,1,4096,6.0,,,,,onehot,6.0,384.0,6.0,0.0001,,1000000,139314069504000000,2.9401194111858134e-14,0.10000000000002941,,,,,,,,,,,,,,
DiT_mini_rowOnly_n6_N4096_onehot_zeromean_autoSD,rowOnly,DiT,mini,1,4096,6.0,,,,,onehot,6.0,384.0,6.0,0.0001,,1000000,139314069504000000,2.9401194111858134e-14,0.10000000000002941,1652.0,1700.0,2436.0,1700.0,,,,,,,,452.0,548.0,1700.0
DiT_mini_rowOnly_n6_N4096_scalar,rowOnly,DiT,mini,1,4096,6.0,,,,,scalar,6.0,384.0,6.0,0.0001,,1000000,139314069504000000,2.9401194111858134e-14,0.10000000000002941,580.0,596.0,708.0,596.0,,,415392.0,605856.0,951968.0,,415392.0,252.0,412.0,596.0
DiT_mini_rowVarK0246_n6_N4096,rowVarK,DiT,mini,1,4096,6.0,,,"[0, 2, 4, 6]",,,6.0,384.0,6.0,0.0001,,1000000,1073741824,3.814697265625e-06,0.10000381469726563,8456.0,8456.0,9992.0,4964.0,,,373408.0,523936.0,774816.0,,373408.0,1332.0,4964.0,8456.0
DiT_mini_rowVarK15_n6_N4096,rowVarK,DiT,mini,1,4096,6.0,,,"[1, 5]",,,6.0,384.0,6.0,0.0001,,1000000,2985984,0.0013717421124828531,0.10137174211248286,2132.0,3044.0,4164.0,1300.0,,,382624.0,454304.0,600736.0,906912.0,383648.0,1076.0,1300.0,3044.0
DiT_mini_rowVarK3456_n6_N4096,rowVarK,DiT,mini,1,4096,6.0,,,"[3, 4, 5, 6]",,,6.0,384.0,6.0,0.0001,,1000000,5489031744,7.462153966366276e-07,0.10000074621539665,21008.0,21008.0,23312.0,148.0,,,349856.0,484000.0,639648.0,878240.0,349856.0,196.0,324.0,21008.0
DiT_mini_rowVarK34_n6_N4096,rowVarK,DiT,mini,1,4096,6.0,,,"[3, 4]",,,6.0,384.0,6.0,0.0001,,1000000,1838265625,2.228187234910624e-06,0.10000222818723492,1636.0,2500.0,4580.0,628.0,,,473760.0,580256.0,772768.0,,473760.0,316.0,588.0,2500.0
DiT_mini_sudoku6x6_N4096_onehot_zeromean_autoSD,sudoku,DiT,mini,1,4096,6.0,,,,,onehot,6.0,384.0,6.0,0.0001,,1000000,28200960,0.00014524328249818446,0.10014524328249819,115360.0,339616.0,,160416.0,131744.0,40208.0,,,,,,2164.0,21776.0,427680.0
DiT_mini_sudoku6x6_N4096_scalar,sudoku,DiT,mini,1,4096,6.0,,,,,scalar,6.0,384.0,6.0,0.0001,,1000000,28200960,0.00014524328249818446,0.10014524328249819,58704.0,91984.0,,628.0,88912.0,48912.0,188064.0,254624.0,378528.0,559776.0,188064.0,4836.0,19216.0,
FFHQ32_DiT_CNN_EDM,parity,unknown,unknown,1,4096,,36.0,,,36.0,,12.0,768.0,12.0,0.0001,,5000,34359738368,1.1920928955078125e-07,0.10000011920928956,,,,,,,,,,,,,,
GPT_B_parity_N32768_D36_G12_even,parity,GPT,B,1,32768,,36.0,,,12.0,,,,,0.0001,0.01,100000,8589934592,3.814697265625e-06,0.10000381469726563,35344.0,37648.0,40720.0,33552.0,,,26128.0,27408.0,28944.0,30480.0,26128.0,1.0,,
GPT_B_parity_N32768_D36_G18_even,parity,GPT,B,1,32768,,36.0,,,18.0,,,,,0.0001,0.01,100000,17179869184,1.9073486328125e-06,0.10000190734863282,36112.0,38416.0,43024.0,36112.0,,,24848.0,26128.0,27920.0,29200.0,24848.0,1.0,,
GPT_B_parity_N32768_D36_G2_even,parity,GPT,B,1,32768,,36.0,,,2.0,,,,,0.0001,0.01,100000,262144,0.125,0.225,148.0,148.0,156.0,132.0,,,148.0,47632.0,53072.0,56144.0,48656.0,132.0,140.0,
GPT_B_parity_N32768_D36_G36_even,parity,GPT,B,1,32768,,36.0,,,36.0,,,,,0.0001,0.01,100000,34359738368,9.5367431640625e-07,0.10000095367431641,40208.0,43024.0,47376.0,43024.0,,,29968.0,31760.0,34320.0,35856.0,29968.0,1.0,308.0,
GPT_B_parity_N32768_D36_G3_even,parity,GPT,B,1,32768,,36.0,,,3.0,,,,,0.0001,0.01,100000,16777216,0.001953125,0.101953125,492.0,500.0,500.0,468.0,,,33296.0,34576.0,36368.0,37648.0,33296.0,460.0,468.0,500.0
GPT_B_parity_N32768_D36_G4_even,parity,GPT,B,1,32768,,36.0,,,4.0,,,,,0.0001,0.01,100000,134217728,0.000244140625,0.100244140625,6024.0,6024.0,6024.0,4900.0,,,29968.0,30736.0,31760.0,32784.0,29968.0,2980.0,5256.0,6024.0
GPT_B_parity_N32768_D36_G6_even,parity,GPT,B,1,32768,,36.0,,,6.0,,,,,0.0001,0.01,100000,1073741824,3.0517578125e-05,0.100030517578125,61776.0,64336.0,69456.0,53584.0,,,49680.0,51536.0,54096.0,55632.0,49680.0,6152.0,,
GPT_B_parity_N32768_D36_G9_even,parity,GPT,B,1,32768,,36.0,,,9.0,,,,,0.0001,0.01,100000,4294967296,7.62939453125e-06,0.10000762939453126,40208.0,42512.0,46864.0,37648.0,,,29456.0,30736.0,32272.0,33808.0,29456.0,8072.0,,
GPT_B_parity_N4096_D36_G12_even,parity,GPT,B,1,4096,,36.0,,,12.0,,,,,0.0001,0.01,100000,8589934592,4.76837158203125e-07,0.10000047683715821,5640.0,5896.0,6280.0,5512.0,,,3780.0,3972.0,4292.0,4612.0,3780.0,1.0,,
GPT_B_parity_N4096_D36_G18_even,parity,GPT,B,1,4096,,36.0,,,18.0,,,,,0.0001,0.01,100000,17179869184,2.384185791015625e-07,0.10000023841857911,5384.0,5768.0,6408.0,5256.0,,,3524.0,3780.0,3972.0,4260.0,3524.0,1.0,,
GPT_B_parity_N4096_D36_G2_even,parity,GPT,B,1,4096,,36.0,,,2.0,,,,,0.0001,0.01,100000,262144,0.015625,0.115625,108.0,108.0,116.0,98.0,,,3460.0,3716.0,3972.0,4164.0,3492.0,94.0,108.0,116.0
GPT_B_parity_N4096_D36_G36_even,parity,GPT,B,1,4096,,36.0,,,36.0,,,,,0.0001,0.01,100000,34359738368,1.1920928955078125e-07,0.10000011920928956,5640.0,6024.0,6664.0,6024.0,,,4068.0,4260.0,4516.0,4868.0,4068.0,1.0,676.0,
GPT_B_parity_N4096_D36_G3_even,parity,GPT,B,1,4096,,36.0,,,3.0,,,,,0.0001,0.01,100000,16777216,0.000244140625,0.100244140625,260.0,268.0,276.0,244.0,,,3396.0,3556.0,3812.0,4036.0,3396.0,244.0,252.0,268.0
GPT_B_parity_N4096_D36_G4_even,parity,GPT,B,1,4096,,36.0,,,4.0,,,,,0.0001,0.01,100000,134217728,3.0517578125e-05,0.100030517578125,1508.0,1508.0,1524.0,1300.0,,,3460.0,3588.0,3748.0,3940.0,3460.0,932.0,1348.0,1508.0
GPT_B_parity_N4096_D36_G6_even,parity,GPT,B,1,4096,,36.0,,,6.0,,,,,0.0001,0.01,100000,1073741824,3.814697265625e-06,0.10000381469726563,4772.0,5128.0,5640.0,4036.0,,,3684.0,3812.0,4036.0,4196.0,3684.0,3076.0,,
GPT_B_parity_N4096_D36_G9_even,parity,GPT,B,1,4096,,36.0,,,9.0,,,,,0.0001,0.01,100000,4294967296,9.5367431640625e-07,0.10000095367431641,5128.0,5384.0,5896.0,4676.0,,,3652.0,3844.0,4004.0,4228.0,3652.0,2756.0,,
GPT_mini_parity_N16384_D36_G12_even,parity,GPT,mini,1,16384,,36.0,,,12.0,,,,,0.0001,0.01,100000,8589934592,1.9073486328125e-06,0.10000190734863282,47888.0,53584.0,61776.0,40720.0,,,28688.0,31504.0,33552.0,36112.0,28688.0,1.0,,
GPT_mini_parity_N16384_D36_G18_even,parity,GPT,mini,1,16384,,36.0,,,18.0,,,,,0.0001,0.01,100000,17179869184,9.5367431640625e-07,0.10000095367431641,45328.0,49424.0,56656.0,45328.0,,,24336.0,26640.0,30480.0,33808.0,24336.0,1.0,,
GPT_mini_parity_N16384_D36_G2_even,parity,GPT,mini,1,16384,,36.0,,,2.0,,,,,0.0001,0.01,100000,262144,0.0625,0.1625,70.0,74.0,94.0,58.0,,,20752.0,23568.0,26384.0,28176.0,22800.0,54.0,62.0,148.0
GPT_mini_parity_N16384_D36_G36_even,parity,GPT,mini,1,16384,,36.0,,,36.0,,,,,0.0001,0.01,100000,34359738368,4.76837158203125e-07,0.10000047683715821,42000.0,45840.0,54608.0,45840.0,,,24080.0,27152.0,29968.0,34832.0,24080.0,1.0,900.0,
GPT_mini_parity_N16384_D36_G3_even,parity,GPT,mini,1,16384,,36.0,,,3.0,,,,,0.0001,0.01,100000,16777216,0.0009765625,0.1009765625,308.0,308.0,308.0,284.0,,,21008.0,22288.0,23824.0,25616.0,21008.0,276.0,292.0,308.0
GPT_mini_parity_N16384_D36_G4_even,parity,GPT,mini,1,16384,,36.0,,,4.0,,,,,0.0001,0.01,100000,134217728,0.0001220703125,0.1001220703125,9864.0,9992.0,9992.0,5640.0,,,27664.0,28944.0,30736.0,32528.0,27664.0,3012.0,9352.0,9992.0
GPT_mini_parity_N16384_D36_G6_even,parity,GPT,mini,1,16384,,36.0,,,6.0,,,,,0.0001,0.01,100000,1073741824,1.52587890625e-05,0.1000152587890625,37136.0,38928.0,40208.0,17936.0,,,32272.0,34320.0,36112.0,38928.0,32272.0,10768.0,26896.0,
GPT_mini_parity_N16384_D36_G9_even,parity,GPT,mini,1,16384,,36.0,,,9.0,,,,,0.0001,0.01,100000,4294967296,3.814697265625e-06,0.10000381469726563,46096.0,48912.0,56656.0,40720.0,,,29456.0,31248.0,34064.0,36368.0,29456.0,9608.0,,
GPT_mini_parity_N32768_D36_G12_even,parity,GPT,mini,1,32768,,36.0,,,12.0,,,,,0.0001,0.01,100000,8589934592,3.814697265625e-06,0.10000381469726563,,,,91984.0,,,59728.0,64336.0,73040.0,80208.0,59728.0,1.0,,
GPT_mini_parity_N32768_D36_G18_even,parity,GPT,mini,1,32768,,36.0,,,18.0,,,,,0.0001,0.01,100000,17179869184,1.9073486328125e-06,0.10000190734863282,,,,,,,54608.0,59728.0,66896.0,72528.0,54608.0,1.0,,
GPT_mini_parity_N32768_D36_G2_even,parity,GPT,mini,1,32768,,36.0,,,2.0,,,,,0.0001,0.01,100000,262144,0.125,0.225,70.0,74.0,90.0,58.0,,,66.0,57168.0,65872.0,72528.0,58704.0,58.0,66.0,
GPT_mini_parity_N32768_D36_G36_even,parity,GPT,mini,1,32768,,36.0,,,36.0,,,,,0.0001,0.01,100000,34359738368,9.5367431640625e-07,0.10000095367431641,85328.0,96080.0,,96080.0,,,51536.0,56656.0,63312.0,69968.0,51536.0,1.0,444.0,
GPT_mini_parity_N32768_D36_G3_even,parity,GPT,mini,1,32768,,36.0,,,3.0,,,,,0.0001,0.01,100000,16777216,0.001953125,0.101953125,308.0,308.0,316.0,284.0,,,49424.0,53072.0,56656.0,61264.0,49680.0,268.0,300.0,308.0
GPT_mini_parity_N32768_D36_G4_even,parity,GPT,mini,1,32768,,36.0,,,4.0,,,,,0.0001,0.01,100000,134217728,0.000244140625,0.100244140625,11536.0,11536.0,11536.0,4196.0,,,45328.0,47888.0,51024.0,55632.0,45328.0,2388.0,9608.0,11536.0
GPT_mini_parity_N32768_D36_G6_even,parity,GPT,mini,1,32768,,36.0,,,6.0,,,,,0.0001,0.01,100000,1073741824,3.0517578125e-05,0.100030517578125,68432.0,76624.0,92496.0,29712.0,,,46864.0,51024.0,55120.0,59216.0,46864.0,13072.0,30992.0,
GPT_mini_parity_N32768_D36_G9_even,parity,GPT,mini,1,32768,,36.0,,,9.0,,,,,0.0001,0.01,100000,4294967296,7.62939453125e-06,0.10000762939453126,89936.0,,,75600.0,,,56656.0,60752.0,66384.0,71504.0,56656.0,12816.0,,
GPT_mini_parity_N4096_D36_G12_even,parity,GPT,mini,1,4096,,36.0,,,12.0,,,,,0.0001,0.01,100000,8589934592,4.76837158203125e-07,0.10000047683715821,9864.0,10256.0,11280.0,9480.0,,,6408.0,6920.0,7560.0,8200.0,6408.0,3.0,,
GPT_mini_parity_N4096_D36_G18_even,parity,GPT,mini,1,4096,,36.0,,,18.0,,,,,0.0001,0.01,100000,17179869184,2.384185791015625e-07,0.10000023841857911,9608.0,10768.0,12304.0,9608.0,,,6664.0,6920.0,7432.0,7944.0,6664.0,1.0,,
GPT_mini_parity_N4096_D36_G2_even,parity,GPT,mini,1,4096,,36.0,,,2.0,,,,,0.0001,0.01,100000,262144,0.015625,0.115625,58.0,62.0,74.0,48.0,,,5512.0,6024.0,6408.0,6792.0,5512.0,46.0,58.0,66.0
GPT_mini_parity_N4096_D36_G36_even,parity,GPT,mini,1,4096,,36.0,,,36.0,,,,,0.0001,0.01,100000,34359738368,1.1920928955078125e-07,0.10000011920928956,9096.0,10256.0,12048.0,10256.0,,,6280.0,6792.0,7432.0,8072.0,6280.0,1.0,948.0,
GPT_mini_parity_N4096_D36_G3_even,parity,GPT,mini,1,4096,,36.0,,,3.0,,,,,0.0001,0.01,100000,16777216,0.000244140625,0.100244140625,308.0,308.0,316.0,292.0,,,5896.0,6152.0,6664.0,7048.0,5896.0,284.0,300.0,308.0
GPT_mini_parity_N4096_D36_G4_even,parity,GPT,mini,1,4096,,36.0,,,4.0,,,,,0.0001,0.01,100000,134217728,3.0517578125e-05,0.100030517578125,1684.0,1700.0,1700.0,1668.0,,,6408.0,6920.0,7304.0,7560.0,6408.0,1028.0,1684.0,1700.0
GPT_mini_parity_N4096_D36_G6_even,parity,GPT,mini,1,4096,,36.0,,,6.0,,,,,0.0001,0.01,100000,1073741824,3.814697265625e-06,0.10000381469726563,8712.0,9352.0,10768.0,7304.0,,,6280.0,6536.0,6792.0,7304.0,6280.0,3236.0,,
GPT_mini_parity_N4096_D36_G6_even_lr1e3,parity,GPT,mini,1,4096,,36.0,,,6.0,,,,,0.001,0.01,100000,1073741824,3.814697265625e-06,0.10000381469726563,,,,,,,,,,,,,,
GPT_mini_parity_N4096_D36_G6_even_lr1e4,parity,GPT,mini,1,4096,,36.0,,,6.0,,,,,0.0001,0.01,100000,1073741824,3.814697265625e-06,0.10000381469726563,2692.0,2916.0,3460.0,2324.0,,,15888.0,15888.0,16144.0,16656.0,15888.0,1828.0,2260.0,2916.0
GPT_mini_parity_N4096_D36_G6_even_lr1e5,parity,GPT,mini,1,4096,,36.0,,,6.0,,,,,1e-05,0.01,100000,1073741824,3.814697265625e-06,0.10000381469726563,11536.0,13328.0,18448.0,10512.0,,,37648.0,40464.0,43536.0,47376.0,37648.0,9480.0,10512.0,13328.0
GPT_mini_parity_N4096_D36_G6_even_lr3e3,parity,GPT,mini,1,4096,,36.0,,,6.0,,,,,0.003,0.01,100000,1073741824,3.814697265625e-06,0.10000381469726563,,,,,,,,,,,,,,
GPT_mini_parity_N4096_D36_G6_even_lr3e4,parity,GPT,mini,1,4096,,36.0,,,6.0,,,,,0.0003,0.01,100000,1073741824,3.814697265625e-06,0.10000381469726563,6920.0,7304.0,8328.0,6024.0,,,5384.0,5512.0,5640.0,6024.0,5384.0,4836.0,,
GPT_mini_parity_N4096_D36_G6_even_lr3e5,parity,GPT,mini,1,4096,,36.0,,,6.0,,,,,3e-05,0.01,100000,1073741824,3.814697265625e-06,0.10000381469726563,8328.0,8328.0,8328.0,8072.0,,,12048.0,12816.0,14352.0,15632.0,12048.0,3556.0,8072.0,8328.0
GPT_mini_parity_N4096_D36_G6_even_wd0,parity,GPT,mini,1,4096,,36.0,,,6.0,,,,,0.0001,0.0,100000,1073741824,3.814697265625e-06,0.10000381469726563,7816.0,8456.0,9736.0,6152.0,,,5640.0,5896.0,6280.0,6792.0,5640.0,4484.0,,
GPT_mini_parity_N4096_D36_G6_even_wd1e0,parity,GPT,mini,1,4096,,36.0,,,6.0,,,,,0.0001,1.0,100000,1073741824,3.814697265625e-06,0.10000381469726563,,,,11280.0,,,30224.0,36368.0,51024.0,67920.0,30224.0,2244.0,,
GPT_mini_parity_N4096_D36_G6_even_wd1e1,parity,GPT,mini,1,4096,,36.0,,,6.0,,,,,0.0001,0.1,100000,1073741824,3.814697265625e-06,0.10000381469726563,9608.0,10512.0,12304.0,7176.0,,,7304.0,7816.0,8328.0,8968.0,7304.0,1844.0,,
GPT_mini_parity_N4096_D36_G6_even_wd1e2,parity,GPT,mini,1,4096,,36.0,,,6.0,,,,,0.0001,0.01,100000,1073741824,3.814697265625e-06,0.10000381469726563,10256.0,10768.0,12048.0,2852.0,,,8072.0,8584.0,8968.0,9608.0,8072.0,1908.0,4996.0,
GPT_mini_parity_N4096_D36_G6_even_wd1e3,parity,GPT,mini,1,4096,,36.0,,,6.0,,,,,0.0001,0.001,100000,1073741824,3.814697265625e-06,0.10000381469726563,9224.0,9992.0,10512.0,4868.0,,,8456.0,8968.0,9608.0,10256.0,8456.0,2484.0,6024.0,
GPT_mini_parity_N4096_D36_G6_even_wd3e1,parity,GPT,mini,1,4096,,36.0,,,6.0,,,,,0.0001,0.3,100000,1073741824,3.814697265625e-06,0.10000381469726563,2356.0,2692.0,3396.0,1860.0,,,21008.0,22032.0,23056.0,24080.0,21008.0,1492.0,1732.0,2692.0
GPT_mini_parity_N4096_D36_G6_even_wd5e2,parity,GPT,mini,1,4096,,36.0,,,6.0,,,,,0.0001,0.05,100000,1073741824,3.814697265625e-06,0.10000381469726563,9096.0,9608.0,11280.0,3204.0,,,7176.0,7560.0,7944.0,8456.0,7176.0,2116.0,5768.0,
GPT_mini_parity_N4096_D36_G9_even,parity,GPT,mini,1,4096,,36.0,,,9.0,,,,,0.0001,0.01,100000,4294967296,9.5367431640625e-07,0.10000095367431641,9352.0,10000.0,11536.0,8584.0,,,6408.0,6664.0,7176.0,7560.0,6408.0,2596.0,,
GPT_mini_parity_N8192_D36_G12_even,parity,GPT,mini,1,8192,,36.0,,,12.0,,,,,0.0001,0.01,100000,8589934592,9.5367431640625e-07,0.10000095367431641,18192.0,18960.0,21520.0,16656.0,,,12048.0,12816.0,13840.0,14608.0,12048.0,1.0,,
GPT_mini_parity_N8192_D36_G18_even,parity,GPT,mini,1,8192,,36.0,,,18.0,,,,,0.0001,0.01,100000,17179869184,4.76837158203125e-07,0.10000047683715821,22544.0,24592.0,29200.0,23056.0,,,12304.0,13328.0,14864.0,16912.0,12304.0,1.0,,
GPT_mini_parity_N8192_D36_G2_even,parity,GPT,mini,1,8192,,36.0,,,2.0,,,,,0.0001,0.01,100000,262144,0.03125,0.13125,70.0,70.0,78.0,54.0,,,13584.0,14608.0,16144.0,17168.0,13840.0,50.0,58.0,74.0
GPT_mini_parity_N8192_D36_G36_even,parity,GPT,mini,1,8192,,36.0,,,36.0,,,,,0.0001,0.01,100000,34359738368,2.384185791015625e-07,0.10000023841857911,24848.0,25872.0,29712.0,25872.0,,,16144.0,17936.0,19472.0,21008.0,16144.0,1.0,2564.0,
GPT_mini_parity_N8192_D36_G3_even,parity,GPT,mini,1,8192,,36.0,,,3.0,,,,,0.0001,0.01,100000,16777216,0.00048828125,0.10048828125,292.0,292.0,300.0,268.0,,,10512.0,11024.0,12048.0,12560.0,10512.0,252.0,276.0,292.0
GPT_mini_parity_N8192_D36_G4_even,parity,GPT,mini,1,8192,,36.0,,,4.0,,,,,0.0001,0.01,100000,134217728,6.103515625e-05,0.10006103515625,4292.0,4388.0,4420.0,3972.0,,,12560.0,13072.0,13840.0,14864.0,12560.0,2308.0,4228.0,4388.0
GPT_mini_parity_N8192_D36_G6_even,parity,GPT,mini,1,8192,,36.0,,,6.0,,,,,0.0001,0.01,100000,1073741824,7.62939453125e-06,0.10000762939453126,14352.0,15632.0,16656.0,9352.0,,,13072.0,13584.0,14096.0,14608.0,13072.0,3140.0,,
GPT_mini_parity_N8192_D36_G9_even,parity,GPT,mini,1,8192,,36.0,,,9.0,,,,,0.0001,0.01,100000,4294967296,1.9073486328125e-06,0.10000190734863282,19728.0,21264.0,23568.0,17424.0,,,13840.0,14864.0,15632.0,16400.0,13840.0,3876.0,,
GPT_nano_parity_N4096_D36_G12_even,parity,GPT,nano,1,4096,,36.0,,,12.0,,,,,0.0001,0.01,100000,8589934592,4.76837158203125e-07,0.10000047683715821,12560.0,13584.0,15376.0,11536.0,,,6536.0,7304.0,8072.0,8968.0,6536.0,1.0,,
GPT_nano_parity_N4096_D36_G18_even,parity,GPT,nano,1,4096,,36.0,,,18.0,,,,,0.0001,0.01,100000,17179869184,2.384185791015625e-07,0.10000023841857911,12560.0,14352.0,18192.0,12560.0,,,6408.0,7304.0,8456.0,9224.0,6408.0,1.0,,
GPT_nano_parity_N4096_D36_G2_even,parity,GPT,nano,1,4096,,36.0,,,2.0,,,,,0.0001,0.01,100000,262144,0.015625,0.115625,66.0,66.0,82.0,50.0,,,5128.0,5640.0,6152.0,6536.0,5128.0,50.0,54.0,70.0
GPT_nano_parity_N4096_D36_G36_even,parity,GPT,nano,1,4096,,36.0,,,36.0,,,,,0.0001,0.01,100000,34359738368,1.1920928955078125e-07,0.10000011920928956,11792.0,13584.0,16656.0,13584.0,,,7304.0,8328.0,9096.0,9608.0,7304.0,1.0,1556.0,
GPT_nano_parity_N4096_D36_G3_even,parity,GPT,nano,1,4096,,36.0,,,3.0,,,,,0.0001,0.01,100000,16777216,0.000244140625,0.100244140625,212.0,220.0,228.0,196.0,,,5768.0,6152.0,6792.0,7304.0,5768.0,188.0,196.0,220.0
GPT_nano_parity_N4096_D36_G4_even,parity,GPT,nano,1,4096,,36.0,,,4.0,,,,,0.0001,0.01,100000,134217728,3.0517578125e-05,0.100030517578125,2308.0,2308.0,2308.0,1812.0,,,6792.0,7304.0,7688.0,8328.0,6792.0,900.0,2180.0,2308.0
GPT_nano_parity_N4096_D36_G6_even,parity,GPT,nano,1,4096,,36.0,,,6.0,,,,,0.0001,0.01,100000,1073741824,3.814697265625e-06,0.10000381469726563,9608.0,10768.0,12816.0,7688.0,,,6920.0,7304.0,7816.0,8456.0,6920.0,3812.0,,
GPT_nano_parity_N4096_D36_G9_even,parity,GPT,nano,1,4096,,36.0,,,9.0,,,,,0.0001,0.01,100000,4294967296,9.5367431640625e-07,0.10000095367431641,11024.0,11536.0,14864.0,9224.0,,,5896.0,6408.0,6920.0,7816.0,5896.0,3332.0,,
