exp_name,model_arch,model_size,G,N,D,n_layer,n_embd,n_head,lr,wd,nsteps,rep,support_size,stat_mem_frac,rule_onset_acc85,rule_onset_acc90,rule_onset_acc95,mem_onset_mem10,mem_onset_mem20,mem_onset_mem35,mem_onset_mem50,mem_onset_stat,stat_mem_thresh,innov_acc90_mem10,innov_acc90_mem20,innov_acc90_mem35,innov_acc90_mem50,innov_acc90_stat
DiT_B_parity_N4096_D36_G2_even,DiT,B,2,4096,36,12,768,12,0.0001,0.0,1000000,1,262144,0.015625,756.0,772.0,1284.0,288416.0,318112.0,370336.0,444064.0,293536.0,0.115625,287644.0,317340.0,369564.0,443292.0,292764.0
DiT_B_parity_N4096_D36_G3_even,DiT,B,3,4096,36,12,768,12,0.0001,0.0,1000000,1,16777216,0.000244140625,5512.0,5512.0,5768.0,329376.0,358048.0,409248.0,492192.0,329376.0,0.100244140625,323864.0,352536.0,403736.0,486680.0,323864.0
DiT_B_parity_N4096_D36_G4_even,DiT,B,4,4096,36,12,768,12,0.0001,0.0,1000000,1,134217728,3.0517578125e-05,62800.0,62800.0,62800.0,291488.0,345760.0,468640.0,629408.0,291488.0,0.100030517578125,228688.0,282960.0,405840.0,566608.0,228688.0
DiT_B_parity_N4096_D36_G6_even,DiT,B,6,4096,36,12,768,12,0.0001,0.0,1000000,1,1073741824,3.814697265625e-06,91472.0,91472.0,91472.0,346784.0,422560.0,536224.0,706208.0,346784.0,0.10000381469726563,255312.0,331088.0,444752.0,614736.0,255312.0
DiT_B_parity_N4096_D36_G9_even,DiT,B,9,4096,36,12,768,12,0.0001,0.0,1000000,1,4294967296,9.5367431640625e-07,,,,210592.0,248480.0,327328.0,430752.0,210592.0,0.10000095367431641,,,,,
DiT_B_parity_N4096_D36_G12_even,DiT,B,12,4096,36,12,768,12,0.0001,0.0,1000000,1,8589934592,4.76837158203125e-07,,,,380576.0,414368.0,469664.0,574112.0,380576.0,0.10000047683715821,,,,,
DiT_B_parity_N4096_D36_G18_even,DiT,B,18,4096,36,12,768,12,0.0001,0.0,1000000,1,17179869184,2.384185791015625e-07,,,,263840.0,292512.0,344736.0,412320.0,263840.0,0.10000023841857911,,,,,
DiT_B_parity_N4096_D36_G36_even,DiT,B,36,4096,36,12,768,12,0.0001,0.0,1000000,1,34359738368,1.1920928955078125e-07,,,,197280.0,236192.0,303776.0,413344.0,197280.0,0.10000011920928956,,,,,
DiT_mini_parity_N1024_D36_G2_even,DiT,mini,2,1024,36,6,384,6,0.0001,0.0,1000000,1,262144,0.00390625,932.0,1028.0,1604.0,78160.0,90960.0,105120.0,140960.0,80208.0,0.10390625,77132.0,89932.0,104092.0,139932.0,79180.0
DiT_mini_parity_N2048_D36_G2_even,DiT,mini,2,2048,36,6,384,6,0.0001,0.0,1000000,1,262144,0.0078125,884.0,964.0,1252.0,174752.0,206496.0,258720.0,332448.0,176800.0,0.1078125,173788.0,205532.0,257756.0,331484.0,175836.0
DiT_mini_parity_N4096_D36_G2_even,DiT,mini,2,4096,36,6,384,6,0.0001,0.0,1000000,1,262144,0.015625,836.0,1076.0,1732.0,339616.0,405152.0,509600.0,677536.0,343712.0,0.115625,338540.0,404076.0,508524.0,676460.0,342636.0
DiT_mini_parity_N4096_D36_G2_even_rep2,DiT,mini,2,4096,36,6,384,6,0.0001,0.0,1000000,2,262144,0.015625,756.0,1108.0,1444.0,357024.0,417440.0,528032.0,684704.0,362144.0,0.115625,355916.0,416332.0,526924.0,683596.0,361036.0
DiT_mini_parity_N8192_D36_G2_even,DiT,mini,2,8192,36,6,384,6,0.0001,0.0,1000000,1,262144,0.03125,1060.0,1236.0,1668.0,733856.0,840352.0,984736.0,,775840.0,0.13125,732620.0,839116.0,983500.0,,774604.0
DiT_mini_parity_N16384_D36_G2_even,DiT,mini,2,16384,36,6,384,6,0.0001,0.0,1000000,1,262144,0.0625,788.0,1044.0,1460.0,,,,,,0.1625,,,,,
DiT_mini_parity_N65536_D36_G2_even,DiT,mini,2,65536,36,6,384,6,0.0001,0.0,1000000,1,262144,0.25,708.0,804.0,1284.0,532.0,692.0,,,,0.35,-272.0,-112.0,,,
DiT_mini_parity_N1024_D36_G3_even,DiT,mini,3,1024,36,6,384,6,0.0001,0.0,1000000,1,16777216,6.103515625e-05,8968.0,9352.0,9992.0,104096.0,122528.0,174752.0,289440.0,104096.0,0.10006103515625,94744.0,113176.0,165400.0,280088.0,94744.0
DiT_mini_parity_N2048_D36_G3_even,DiT,mini,3,2048,36,6,384,6,0.0001,0.0,1000000,1,16777216,0.0001220703125,10768.0,10768.0,11536.0,207520.0,267936.0,381600.0,571040.0,212640.0,0.1001220703125,196752.0,257168.0,370832.0,560272.0,201872.0
DiT_mini_parity_N4096_D36_G3_even,DiT,mini,3,4096,36,6,384,6,0.0001,0.0,1000000,1,16777216,0.000244140625,12816.0,13072.0,13072.0,472736.0,660128.0,,,472736.0,0.100244140625,459664.0,647056.0,,,459664.0
DiT_mini_parity_N4096_D36_G3_even_rep2,DiT,mini,3,4096,36,6,384,6,0.0001,0.0,1000000,2,16777216,0.000244140625,17680.0,17680.0,17680.0,534176.0,678560.0,885408.0,,534176.0,0.100244140625,516496.0,660880.0,867728.0,,516496.0
DiT_mini_parity_N8192_D36_G3_even,DiT,mini,3,8192,36,6,384,6,0.0001,0.0,1000000,1,16777216,0.00048828125,10768.0,10768.0,12304.0,,,,,,0.10048828125,,,,,
DiT_mini_parity_N16384_D36_G3_even,DiT,mini,3,16384,36,6,384,6,0.0001,0.0,1000000,1,16777216,0.0009765625,13072.0,13328.0,14096.0,,,,,,0.1009765625,,,,,
DiT_mini_parity_N65536_D36_G3_even,DiT,mini,3,65536,36,6,384,6,0.0001,0.0,1000000,1,16777216,0.00390625,11024.0,11024.0,12816.0,,,,,,0.10390625,,,,,
DiT_mini_parity_N1024_D36_G4_even,DiT,mini,4,1024,36,6,384,6,0.0001,0.0,1000000,1,134217728,7.62939453125e-06,29456.0,29456.0,31504.0,107168.0,127648.0,160416.0,200352.0,107168.0,0.10000762939453126,77712.0,98192.0,130960.0,170896.0,77712.0
DiT_mini_parity_N2048_D36_G4_even,DiT,mini,4,2048,36,6,384,6,0.0001,0.0,1000000,1,134217728,1.52587890625e-05,55120.0,55120.0,55120.0,292512.0,396960.0,531104.0,687776.0,292512.0,0.1000152587890625,237392.0,341840.0,475984.0,632656.0,237392.0
DiT_mini_parity_N4096_D36_G4_even,DiT,mini,4,4096,36,6,384,6,0.0001,0.0,1000000,1,134217728,3.0517578125e-05,54608.0,54608.0,54608.0,572064.0,743072.0,,,572064.0,0.100030517578125,517456.0,688464.0,,,517456.0
DiT_mini_parity_N4096_D36_G4_even_rep2,DiT,mini,4,4096,36,6,384,6,0.0001,0.0,1000000,2,134217728,3.0517578125e-05,104096.0,104096.0,104096.0,677536.0,838304.0,,,677536.0,0.100030517578125,573440.0,734208.0,,,573440.0
DiT_mini_parity_N8192_D36_G4_even,DiT,mini,4,8192,36,6,384,6,0.0001,0.0,1000000,1,134217728,6.103515625e-05,67408.0,67408.0,67408.0,,,,,,0.10006103515625,,,,,
DiT_mini_parity_N16384_D36_G4_even,DiT,mini,4,16384,36,6,384,6,0.0001,0.0,1000000,1,134217728,0.0001220703125,55120.0,55120.0,55120.0,,,,,,0.1001220703125,,,,,
DiT_mini_parity_N65536_D36_G4_even,DiT,mini,4,65536,36,6,384,6,0.0001,0.0,1000000,1,134217728,0.00048828125,430752.0,430752.0,430752.0,,,,,,0.10048828125,,,,,
DiT_mini_parity_N1024_D36_G6_even,DiT,mini,6,1024,36,6,384,6,0.0001,0.0,1000000,1,1073741824,9.5367431640625e-07,473760.0,550560.0,722592.0,105120.0,134816.0,191136.0,262816.0,105120.0,0.10000095367431641,-445440.0,-415744.0,-359424.0,-287744.0,-445440.0
DiT_mini_parity_N2048_D36_G6_even,DiT,mini,6,2048,36,6,384,6,0.0001,0.0,1000000,1,1073741824,1.9073486328125e-06,,,,241312.0,321184.0,453280.0,578208.0,241312.0,0.10000190734863282,,,,,
DiT_mini_parity_N4096_D36_G6_even_lr1e5,DiT,mini,6,4096,36,6,384,6,1e-05,0.0,1000000,1,1073741824,3.814697265625e-06,612000.0,615072.0,615072.0,,,,,,0.10000381469726563,,,,,
DiT_mini_parity_N4096_D36_G6_even_lr3e5,DiT,mini,6,4096,36,6,384,6,3e-05,0.0,1000000,1,1073741824,3.814697265625e-06,229024.0,229024.0,229024.0,926368.0,,,,926368.0,0.10000381469726563,697344.0,,,,697344.0
DiT_mini_parity_N4096_D36_G6_even,DiT,mini,6,4096,36,6,384,6,0.0001,0.0,1000000,1,1073741824,3.814697265625e-06,,,,521888.0,648864.0,930464.0,,521888.0,0.10000381469726563,,,,,
DiT_mini_parity_N4096_D36_G6_even_lr1e4,DiT,mini,6,4096,36,6,384,6,0.0001,0.0,1000000,1,1073741824,3.814697265625e-06,191136.0,191136.0,191136.0,557728.0,730784.0,,,557728.0,0.10000381469726563,366592.0,539648.0,,,366592.0
DiT_mini_parity_N4096_D36_G6_even_rep2,DiT,mini,6,4096,36,6,384,6,0.0001,0.0,1000000,2,1073741824,3.814697265625e-06,139936.0,139936.0,139936.0,691872.0,905888.0,,,691872.0,0.10000381469726563,551936.0,765952.0,,,551936.0
DiT_mini_parity_N4096_D36_G6_even_wd1e6,DiT,mini,6,4096,36,6,384,6,0.0001,1e-06,1000000,1,1073741824,3.814697265625e-06,111264.0,111264.0,112288.0,703136.0,979616.0,,,703136.0,0.10000381469726563,591872.0,868352.0,,,591872.0
DiT_mini_parity_N4096_D36_G6_even_wd1e5,DiT,mini,6,4096,36,6,384,6,0.0001,1e-05,1000000,1,1073741824,3.814697265625e-06,116384.0,116384.0,116384.0,665248.0,901792.0,,,665248.0,0.10000381469726563,548864.0,785408.0,,,548864.0
DiT_mini_parity_N4096_D36_G6_even_wd1e4,DiT,mini,6,4096,36,6,384,6,0.0001,0.0001,1000000,1,1073741824,3.814697265625e-06,168608.0,168608.0,168608.0,624288.0,850592.0,,,624288.0,0.10000381469726563,455680.0,681984.0,,,455680.0
DiT_mini_parity_N4096_D36_G6_even_wd1e3,DiT,mini,6,4096,36,6,384,6,0.0001,0.001,1000000,1,1073741824,3.814697265625e-06,136864.0,136864.0,136864.0,761504.0,994976.0,,,761504.0,0.10000381469726563,624640.0,858112.0,,,624640.0
DiT_mini_parity_N4096_D36_G6_even_wd1e2,DiT,mini,6,4096,36,6,384,6,0.0001,0.01,1000000,1,1073741824,3.814697265625e-06,,,,459424.0,590496.0,872096.0,,459424.0,0.10000381469726563,,,,,
DiT_mini_parity_N4096_D36_G6_even_wd5e2,DiT,mini,6,4096,36,6,384,6,0.0001,0.05,1000000,1,1073741824,3.814697265625e-06,128672.0,128672.0,128672.0,783008.0,,,,783008.0,0.10000381469726563,654336.0,,,,654336.0
DiT_mini_parity_N4096_D36_G6_even_lr3e4,DiT,mini,6,4096,36,6,384,6,0.0003,0.0,1000000,1,1073741824,3.814697265625e-06,664224.0,665248.0,668320.0,,,,,,0.10000381469726563,,,,,
DiT_mini_parity_N4096_D36_G6_even_lr1e3,DiT,mini,6,4096,36,6,384,6,0.001,0.0,1000000,1,1073741824,3.814697265625e-06,,,,,,,,,0.10000381469726563,,,,,
DiT_mini_parity_N4096_D36_G6_even_lr3e3,DiT,mini,6,4096,36,6,384,6,0.003,0.0,1000000,1,1073741824,3.814697265625e-06,,,,,,,,,0.10000381469726563,,,,,
DiT_mini_parity_N8192_D36_G6_even,DiT,mini,6,8192,36,6,384,6,0.0001,0.0,1000000,1,1073741824,7.62939453125e-06,251552.0,251552.0,251552.0,,,,,,0.10000762939453126,,,,,
DiT_mini_parity_N16384_D36_G6_even,DiT,mini,6,16384,36,6,384,6,0.0001,0.0,1000000,1,1073741824,1.52587890625e-05,332448.0,332448.0,332448.0,,,,,,0.1000152587890625,,,,,
DiT_mini_parity_N65536_D36_G6_even,DiT,mini,6,65536,36,6,384,6,0.0001,0.0,1000000,1,1073741824,6.103515625e-05,,,,,,,,,0.10006103515625,,,,,
DiT_mini_parity_N1024_D36_G9_even,DiT,mini,9,1024,36,6,384,6,0.0001,0.0,1000000,1,4294967296,2.384185791015625e-07,510624.0,646816.0,975520.0,99664.0,128672.0,163488.0,215712.0,99664.0,0.10000023841857911,-547152.0,-518144.0,-483328.0,-431104.0,-547152.0
DiT_mini_parity_N2048_D36_G9_even,DiT,mini,9,2048,36,6,384,6,0.0001,0.0,1000000,1,4294967296,4.76837158203125e-07,,,,203424.0,273056.0,343712.0,469664.0,203424.0,0.10000047683715821,,,,,
DiT_mini_parity_N4096_D36_G9_even,DiT,mini,9,4096,36,6,384,6,0.0001,0.0,1000000,1,4294967296,9.5367431640625e-07,,,,411296.0,538272.0,711328.0,,411296.0,0.10000095367431641,,,,,
DiT_mini_parity_N4096_D36_G9_even_rep2,DiT,mini,9,4096,36,6,384,6,0.0001,0.0,1000000,2,4294967296,9.5367431640625e-07,,,,437920.0,554656.0,857760.0,,437920.0,0.10000095367431641,,,,,
DiT_mini_parity_N8192_D36_G9_even,DiT,mini,9,8192,36,6,384,6,0.0001,0.0,1000000,1,4294967296,1.9073486328125e-06,,,,,,,,,0.10000190734863282,,,,,
DiT_mini_parity_N16384_D36_G9_even,DiT,mini,9,16384,36,6,384,6,0.0001,0.0,1000000,1,4294967296,3.814697265625e-06,,,,,,,,,0.10000381469726563,,,,,
DiT_mini_parity_N65536_D36_G9_even,DiT,mini,9,65536,36,6,384,6,0.0001,0.0,1000000,1,4294967296,1.52587890625e-05,,,,,,,,,0.1000152587890625,,,,,
DiT_mini_parity_N1024_D36_G12_even,DiT,mini,12,1024,36,6,384,6,0.0001,0.0,1000000,1,8589934592,1.1920928955078125e-07,443040.0,632480.0,962208.0,95056.0,119456.0,152224.0,200352.0,95056.0,0.10000011920928956,-537424.0,-513024.0,-480256.0,-432128.0,-537424.0
DiT_mini_parity_N2048_D36_G12_even,DiT,mini,12,2048,36,6,384,6,0.0001,0.0,1000000,1,8589934592,2.384185791015625e-07,,,,197280.0,239264.0,312992.0,480928.0,197280.0,0.10000023841857911,,,,,
DiT_mini_parity_N4096_D36_G12_even,DiT,mini,12,4096,36,6,384,6,0.0001,0.0,1000000,1,8589934592,4.76837158203125e-07,,,,438944.0,570016.0,858784.0,,438944.0,0.10000047683715821,,,,,
DiT_mini_parity_N4096_D36_G12_even_rep2,DiT,mini,12,4096,36,6,384,6,0.0001,0.0,1000000,2,8589934592,4.76837158203125e-07,,,,541344.0,698016.0,989856.0,,541344.0,0.10000047683715821,,,,,
DiT_mini_parity_N8192_D36_G12_even,DiT,mini,12,8192,36,6,384,6,0.0001,0.0,1000000,1,8589934592,9.5367431640625e-07,,,,,,,,,0.10000095367431641,,,,,
DiT_mini_parity_N16384_D36_G12_even,DiT,mini,12,16384,36,6,384,6,0.0001,0.0,1000000,1,8589934592,1.9073486328125e-06,,,,,,,,,0.10000190734863282,,,,,
DiT_mini_parity_N65536_D36_G12_even,DiT,mini,12,65536,36,6,384,6,0.0001,0.0,1000000,1,8589934592,7.62939453125e-06,,,,,,,,,0.10000762939453126,,,,,
DiT_mini_parity_N1024_D36_G18_even,DiT,mini,18,1024,36,6,384,6,0.0001,0.0,1000000,1,17179869184,5.960464477539063e-08,357024.0,481952.0,728736.0,84304.0,103072.0,123552.0,167584.0,84304.0,0.10000005960464478,-397648.0,-378880.0,-358400.0,-314368.0,-397648.0
DiT_mini_parity_N2048_D36_G18_even,DiT,mini,18,2048,36,6,384,6,0.0001,0.0,1000000,1,17179869184,1.1920928955078125e-07,,,,209568.0,276128.0,351904.0,459424.0,209568.0,0.10000011920928956,,,,,
DiT_mini_parity_N4096_D36_G18_even,DiT,mini,18,4096,36,6,384,6,0.0001,0.0,1000000,1,17179869184,2.384185791015625e-07,,,,430752.0,558752.0,756384.0,,430752.0,0.10000023841857911,,,,,
DiT_mini_parity_N4096_D36_G18_even_rep2,DiT,mini,18,4096,36,6,384,6,0.0001,0.0,1000000,2,17179869184,2.384185791015625e-07,,,,435872.0,557728.0,819872.0,,435872.0,0.10000023841857911,,,,,
DiT_mini_parity_N8192_D36_G18_even,DiT,mini,18,8192,36,6,384,6,0.0001,0.0,1000000,1,17179869184,4.76837158203125e-07,,,,,,,,,0.10000047683715821,,,,,
DiT_mini_parity_N16384_D36_G18_even,DiT,mini,18,16384,36,6,384,6,0.0001,0.0,1000000,1,17179869184,9.5367431640625e-07,,,,,,,,,0.10000095367431641,,,,,
DiT_mini_parity_N65536_D36_G18_even,DiT,mini,18,65536,36,6,384,6,0.0001,0.0,1000000,1,17179869184,3.814697265625e-06,,,,,,,,,0.10000381469726563,,,,,
DiT_mini_parity_N1024_D36_G36_even,DiT,mini,36,1024,36,6,384,6,0.0001,0.0,1000000,1,34359738368,2.9802322387695312e-08,294560.0,395936.0,669344.0,90960.0,105120.0,131744.0,167584.0,90960.0,0.1000000298023224,-304976.0,-290816.0,-264192.0,-228352.0,-304976.0
DiT_mini_parity_N2048_D36_G36_even,DiT,mini,36,2048,36,6,384,6,0.0001,0.0,1000000,1,34359738368,5.960464477539063e-08,,,,190112.0,248480.0,353952.0,528032.0,190112.0,0.10000005960464478,,,,,
DiT_mini_parity_N4096_D36_G36_even,DiT,mini,36,4096,36,6,384,6,0.0001,0.0,1000000,1,34359738368,1.1920928955078125e-07,,,,481952.0,639648.0,939680.0,,481952.0,0.10000011920928956,,,,,
DiT_mini_parity_N4096_D36_G36_even_rep2,DiT,mini,36,4096,36,6,384,6,0.0001,0.0,1000000,2,34359738368,1.1920928955078125e-07,,,,481952.0,638624.0,935584.0,,481952.0,0.10000011920928956,,,,,
DiT_mini_parity_N8192_D36_G36_even,DiT,mini,36,8192,36,6,384,6,0.0001,0.0,1000000,1,34359738368,2.384185791015625e-07,,,,,,,,,0.10000023841857911,,,,,
DiT_mini_parity_N16384_D36_G36_even,DiT,mini,36,16384,36,6,384,6,0.0001,0.0,1000000,1,34359738368,4.76837158203125e-07,,,,,,,,,0.10000047683715821,,,,,
DiT_mini_parity_N65536_D36_G36_even,DiT,mini,36,65536,36,6,384,6,0.0001,0.0,1000000,1,34359738368,1.9073486328125e-06,,,,,,,,,0.10000190734863282,,,,,
DiT_nano_parity_N4096_D36_G2_even,DiT,nano,2,4096,36,3,384,6,0.0001,0.0,1000000,1,262144,0.015625,1156.0,1284.0,1604.0,655008.0,844448.0,,,679584.0,0.115625,653724.0,843164.0,,,678300.0
DiT_nano_parity_N4096_D36_G3_even,DiT,nano,3,4096,36,3,384,6,0.0001,0.0,1000000,1,16777216,0.000244140625,12816.0,12816.0,13584.0,,,,,,0.100244140625,,,,,
DiT_nano_parity_N4096_D36_G4_even,DiT,nano,4,4096,36,3,384,6,0.0001,0.0,1000000,1,134217728,3.0517578125e-05,104096.0,104096.0,105120.0,,,,,,0.100030517578125,,,,,
DiT_nano_parity_N4096_D36_G6_even,DiT,nano,6,4096,36,3,384,6,0.0001,0.0,1000000,1,1073741824,3.814697265625e-06,,,,,,,,,0.10000381469726563,,,,,
DiT_nano_parity_N4096_D36_G9_even,DiT,nano,9,4096,36,3,384,6,0.0001,0.0,1000000,1,4294967296,9.5367431640625e-07,,,,,,,,,0.10000095367431641,,,,,
DiT_nano_parity_N4096_D36_G12_even,DiT,nano,12,4096,36,3,384,6,0.0001,0.0,1000000,1,8589934592,4.76837158203125e-07,,,,,,,,,0.10000047683715821,,,,,
DiT_nano_parity_N4096_D36_G18_even,DiT,nano,18,4096,36,3,384,6,0.0001,0.0,1000000,1,17179869184,2.384185791015625e-07,,,,,,,,,0.10000023841857911,,,,,
DiT_nano_parity_N4096_D36_G36_even,DiT,nano,36,4096,36,3,384,6,0.0001,0.0,1000000,1,34359738368,1.1920928955078125e-07,,,,,,,,,0.10000011920928956,,,,,
GPT_B_parity_N4096_D36_G2_even,GPT,B,2,4096,36,12,768,12,0.0001,0.01,100000,1,262144,0.015625,108.0,108.0,116.0,3460.0,3716.0,3972.0,4164.0,3492.0,0.115625,3352.0,3608.0,3864.0,4056.0,3384.0
GPT_B_parity_N32768_D36_G2_even,GPT,B,2,32768,36,12,768,12,0.0001,0.01,100000,1,262144,0.125,148.0,148.0,156.0,148.0,47632.0,53072.0,56144.0,48656.0,0.225,0.0,47484.0,52924.0,55996.0,48508.0
GPT_B_parity_N4096_D36_G3_even,GPT,B,3,4096,36,12,768,12,0.0001,0.01,100000,1,16777216,0.000244140625,260.0,268.0,276.0,3396.0,3556.0,3812.0,4036.0,3396.0,0.100244140625,3128.0,3288.0,3544.0,3768.0,3128.0
GPT_B_parity_N32768_D36_G3_even,GPT,B,3,32768,36,12,768,12,0.0001,0.01,100000,1,16777216,0.001953125,492.0,500.0,500.0,33296.0,34576.0,36368.0,37648.0,33296.0,0.101953125,32796.0,34076.0,35868.0,37148.0,32796.0
GPT_B_parity_N4096_D36_G4_even,GPT,B,4,4096,36,12,768,12,0.0001,0.01,100000,1,134217728,3.0517578125e-05,1508.0,1508.0,1524.0,3460.0,3588.0,3748.0,3940.0,3460.0,0.100030517578125,1952.0,2080.0,2240.0,2432.0,1952.0
GPT_B_parity_N32768_D36_G4_even,GPT,B,4,32768,36,12,768,12,0.0001,0.01,100000,1,134217728,0.000244140625,6024.0,6024.0,6024.0,29968.0,30736.0,31760.0,32784.0,29968.0,0.100244140625,23944.0,24712.0,25736.0,26760.0,23944.0
GPT_B_parity_N4096_D36_G6_even,GPT,B,6,4096,36,12,768,12,0.0001,0.01,100000,1,1073741824,3.814697265625e-06,4772.0,5128.0,5640.0,3684.0,3812.0,4036.0,4196.0,3684.0,0.10000381469726563,-1444.0,-1316.0,-1092.0,-932.0,-1444.0
GPT_B_parity_N32768_D36_G6_even,GPT,B,6,32768,36,12,768,12,0.0001,0.01,100000,1,1073741824,3.0517578125e-05,61776.0,64336.0,69456.0,49680.0,51536.0,54096.0,55632.0,49680.0,0.100030517578125,-14656.0,-12800.0,-10240.0,-8704.0,-14656.0
GPT_B_parity_N4096_D36_G9_even,GPT,B,9,4096,36,12,768,12,0.0001,0.01,100000,1,4294967296,9.5367431640625e-07,5128.0,5384.0,5896.0,3652.0,3844.0,4004.0,4228.0,3652.0,0.10000095367431641,-1732.0,-1540.0,-1380.0,-1156.0,-1732.0
GPT_B_parity_N32768_D36_G9_even,GPT,B,9,32768,36,12,768,12,0.0001,0.01,100000,1,4294967296,7.62939453125e-06,40208.0,42512.0,46864.0,29456.0,30736.0,32272.0,33808.0,29456.0,0.10000762939453126,-13056.0,-11776.0,-10240.0,-8704.0,-13056.0
GPT_B_parity_N4096_D36_G12_even,GPT,B,12,4096,36,12,768,12,0.0001,0.01,100000,1,8589934592,4.76837158203125e-07,5640.0,5896.0,6280.0,3780.0,3972.0,4292.0,4612.0,3780.0,0.10000047683715821,-2116.0,-1924.0,-1604.0,-1284.0,-2116.0
GPT_B_parity_N32768_D36_G12_even,GPT,B,12,32768,36,12,768,12,0.0001,0.01,100000,1,8589934592,3.814697265625e-06,35344.0,37648.0,40720.0,26128.0,27408.0,28944.0,30480.0,26128.0,0.10000381469726563,-11520.0,-10240.0,-8704.0,-7168.0,-11520.0
GPT_B_parity_N4096_D36_G18_even,GPT,B,18,4096,36,12,768,12,0.0001,0.01,100000,1,17179869184,2.384185791015625e-07,5384.0,5768.0,6408.0,3524.0,3780.0,3972.0,4260.0,3524.0,0.10000023841857911,-2244.0,-1988.0,-1796.0,-1508.0,-2244.0
GPT_B_parity_N32768_D36_G18_even,GPT,B,18,32768,36,12,768,12,0.0001,0.01,100000,1,17179869184,1.9073486328125e-06,36112.0,38416.0,43024.0,24848.0,26128.0,27920.0,29200.0,24848.0,0.10000190734863282,-13568.0,-12288.0,-10496.0,-9216.0,-13568.0
GPT_B_parity_N4096_D36_G36_even,GPT,B,36,4096,36,12,768,12,0.0001,0.01,100000,1,34359738368,1.1920928955078125e-07,5640.0,6024.0,6664.0,4068.0,4260.0,4516.0,4868.0,4068.0,0.10000011920928956,-1956.0,-1764.0,-1508.0,-1156.0,-1956.0
GPT_B_parity_N32768_D36_G36_even,GPT,B,36,32768,36,12,768,12,0.0001,0.01,100000,1,34359738368,9.5367431640625e-07,40208.0,43024.0,47376.0,29968.0,31760.0,34320.0,35856.0,29968.0,0.10000095367431641,-13056.0,-11264.0,-8704.0,-7168.0,-13056.0
GPT_mini_parity_N4096_D36_G2_even,GPT,mini,2,4096,36,6,384,6,0.0001,0.01,100000,1,262144,0.015625,58.0,62.0,74.0,5512.0,6024.0,6408.0,6792.0,5512.0,0.115625,5450.0,5962.0,6346.0,6730.0,5450.0
GPT_mini_parity_N8192_D36_G2_even,GPT,mini,2,8192,36,6,384,6,0.0001,0.01,100000,1,262144,0.03125,70.0,70.0,78.0,13584.0,14608.0,16144.0,17168.0,13840.0,0.13125,13514.0,14538.0,16074.0,17098.0,13770.0
GPT_mini_parity_N16384_D36_G2_even,GPT,mini,2,16384,36,6,384,6,0.0001,0.01,100000,1,262144,0.0625,70.0,74.0,94.0,20752.0,23568.0,26384.0,28176.0,22800.0,0.1625,20678.0,23494.0,26310.0,28102.0,22726.0
GPT_mini_parity_N32768_D36_G2_even,GPT,mini,2,32768,36,6,384,6,0.0001,0.01,100000,1,262144,0.125,70.0,74.0,90.0,66.0,57168.0,65872.0,72528.0,58704.0,0.225,-8.0,57094.0,65798.0,72454.0,58630.0
GPT_mini_parity_N4096_D36_G3_even,GPT,mini,3,4096,36,6,384,6,0.0001,0.01,100000,1,16777216,0.000244140625,308.0,308.0,316.0,5896.0,6152.0,6664.0,7048.0,5896.0,0.100244140625,5588.0,5844.0,6356.0,6740.0,5588.0
GPT_mini_parity_N8192_D36_G3_even,GPT,mini,3,8192,36,6,384,6,0.0001,0.01,100000,1,16777216,0.00048828125,292.0,292.0,300.0,10512.0,11024.0,12048.0,12560.0,10512.0,0.10048828125,10220.0,10732.0,11756.0,12268.0,10220.0
GPT_mini_parity_N16384_D36_G3_even,GPT,mini,3,16384,36,6,384,6,0.0001,0.01,100000,1,16777216,0.0009765625,308.0,308.0,308.0,21008.0,22288.0,23824.0,25616.0,21008.0,0.1009765625,20700.0,21980.0,23516.0,25308.0,20700.0
GPT_mini_parity_N32768_D36_G3_even,GPT,mini,3,32768,36,6,384,6,0.0001,0.01,100000,1,16777216,0.001953125,308.0,308.0,316.0,49424.0,53072.0,56656.0,61264.0,49680.0,0.101953125,49116.0,52764.0,56348.0,60956.0,49372.0
GPT_mini_parity_N4096_D36_G4_even,GPT,mini,4,4096,36,6,384,6,0.0001,0.01,100000,1,134217728,3.0517578125e-05,1684.0,1700.0,1700.0,6408.0,6920.0,7304.0,7560.0,6408.0,0.100030517578125,4708.0,5220.0,5604.0,5860.0,4708.0
GPT_mini_parity_N8192_D36_G4_even,GPT,mini,4,8192,36,6,384,6,0.0001,0.01,100000,1,134217728,6.103515625e-05,4292.0,4388.0,4420.0,12560.0,13072.0,13840.0,14864.0,12560.0,0.10006103515625,8172.0,8684.0,9452.0,10476.0,8172.0
GPT_mini_parity_N16384_D36_G4_even,GPT,mini,4,16384,36,6,384,6,0.0001,0.01,100000,1,134217728,0.0001220703125,9864.0,9992.0,9992.0,27664.0,28944.0,30736.0,32528.0,27664.0,0.1001220703125,17672.0,18952.0,20744.0,22536.0,17672.0
GPT_mini_parity_N32768_D36_G4_even,GPT,mini,4,32768,36,6,384,6,0.0001,0.01,100000,1,134217728,0.000244140625,11536.0,11536.0,11536.0,45328.0,47888.0,51024.0,55632.0,45328.0,0.100244140625,33792.0,36352.0,39488.0,44096.0,33792.0
GPT_mini_parity_N4096_D36_G6_even_lr1e5,GPT,mini,6,4096,36,6,384,6,1e-05,0.01,100000,1,1073741824,3.814697265625e-06,11536.0,13328.0,18448.0,37648.0,40464.0,43536.0,47376.0,37648.0,0.10000381469726563,24320.0,27136.0,30208.0,34048.0,24320.0
GPT_mini_parity_N4096_D36_G6_even_lr3e5,GPT,mini,6,4096,36,6,384,6,3e-05,0.01,100000,1,1073741824,3.814697265625e-06,8328.0,8328.0,8328.0,12048.0,12816.0,14352.0,15632.0,12048.0,0.10000381469726563,3720.0,4488.0,6024.0,7304.0,3720.0
GPT_mini_parity_N4096_D36_G6_even_wd0,GPT,mini,6,4096,36,6,384,6,0.0001,0.0,100000,1,1073741824,3.814697265625e-06,7816.0,8456.0,9736.0,5640.0,5896.0,6280.0,6792.0,5640.0,0.10000381469726563,-2816.0,-2560.0,-2176.0,-1664.0,-2816.0
GPT_mini_parity_N4096_D36_G6_even_wd1e3,GPT,mini,6,4096,36,6,384,6,0.0001,0.001,100000,1,1073741824,3.814697265625e-06,9224.0,9992.0,10512.0,8456.0,8968.0,9608.0,10256.0,8456.0,0.10000381469726563,-1536.0,-1024.0,-384.0,264.0,-1536.0
GPT_mini_parity_N4096_D36_G6_even,GPT,mini,6,4096,36,6,384,6,0.0001,0.01,100000,1,1073741824,3.814697265625e-06,8712.0,9352.0,10768.0,6280.0,6536.0,6792.0,7304.0,6280.0,0.10000381469726563,-3072.0,-2816.0,-2560.0,-2048.0,-3072.0
GPT_mini_parity_N4096_D36_G6_even_lr1e4,GPT,mini,6,4096,36,6,384,6,0.0001,0.01,100000,1,1073741824,3.814697265625e-06,2692.0,2916.0,3460.0,15888.0,15888.0,16144.0,16656.0,15888.0,0.10000381469726563,12972.0,12972.0,13228.0,13740.0,12972.0
GPT_mini_parity_N4096_D36_G6_even_wd1e2,GPT,mini,6,4096,36,6,384,6,0.0001,0.01,100000,1,1073741824,3.814697265625e-06,10256.0,10768.0,12048.0,8072.0,8584.0,8968.0,9608.0,8072.0,0.10000381469726563,-2696.0,-2184.0,-1800.0,-1160.0,-2696.0
GPT_mini_parity_N4096_D36_G6_even_wd5e2,GPT,mini,6,4096,36,6,384,6,0.0001,0.05,100000,1,1073741824,3.814697265625e-06,9096.0,9608.0,11280.0,7176.0,7560.0,7944.0,8456.0,7176.0,0.10000381469726563,-2432.0,-2048.0,-1664.0,-1152.0,-2432.0
GPT_mini_parity_N4096_D36_G6_even_wd1e1,GPT,mini,6,4096,36,6,384,6,0.0001,0.1,100000,1,1073741824,3.814697265625e-06,9608.0,10512.0,12304.0,7304.0,7816.0,8328.0,8968.0,7304.0,0.10000381469726563,-3208.0,-2696.0,-2184.0,-1544.0,-3208.0
GPT_mini_parity_N4096_D36_G6_even_wd3e1,GPT,mini,6,4096,36,6,384,6,0.0001,0.3,100000,1,1073741824,3.814697265625e-06,2356.0,2692.0,3396.0,21008.0,22032.0,23056.0,24080.0,21008.0,0.10000381469726563,18316.0,19340.0,20364.0,21388.0,18316.0
GPT_mini_parity_N4096_D36_G6_even_wd1e0,GPT,mini,6,4096,36,6,384,6,0.0001,1.0,100000,1,1073741824,3.814697265625e-06,,,,30224.0,36368.0,51024.0,67920.0,30224.0,0.10000381469726563,,,,,
GPT_mini_parity_N4096_D36_G6_even_lr3e4,GPT,mini,6,4096,36,6,384,6,0.0003,0.01,100000,1,1073741824,3.814697265625e-06,6920.0,7304.0,8328.0,5384.0,5512.0,5640.0,6024.0,5384.0,0.10000381469726563,-1920.0,-1792.0,-1664.0,-1280.0,-1920.0
GPT_mini_parity_N4096_D36_G6_even_lr1e3,GPT,mini,6,4096,36,6,384,6,0.001,0.01,100000,1,1073741824,3.814697265625e-06,,,,,,,,,0.10000381469726563,,,,,
GPT_mini_parity_N4096_D36_G6_even_lr3e3,GPT,mini,6,4096,36,6,384,6,0.003,0.01,100000,1,1073741824,3.814697265625e-06,,,,,,,,,0.10000381469726563,,,,,
GPT_mini_parity_N8192_D36_G6_even,GPT,mini,6,8192,36,6,384,6,0.0001,0.01,100000,1,1073741824,7.62939453125e-06,14352.0,15632.0,16656.0,13072.0,13584.0,14096.0,14608.0,13072.0,0.10000762939453126,-2560.0,-2048.0,-1536.0,-1024.0,-2560.0
GPT_mini_parity_N16384_D36_G6_even,GPT,mini,6,16384,36,6,384,6,0.0001,0.01,100000,1,1073741824,1.52587890625e-05,37136.0,38928.0,40208.0,32272.0,34320.0,36112.0,38928.0,32272.0,0.1000152587890625,-6656.0,-4608.0,-2816.0,0.0,-6656.0
GPT_mini_parity_N32768_D36_G6_even,GPT,mini,6,32768,36,6,384,6,0.0001,0.01,100000,1,1073741824,3.0517578125e-05,68432.0,76624.0,92496.0,46864.0,51024.0,55120.0,59216.0,46864.0,0.100030517578125,-29760.0,-25600.0,-21504.0,-17408.0,-29760.0
GPT_mini_parity_N4096_D36_G9_even,GPT,mini,9,4096,36,6,384,6,0.0001,0.01,100000,1,4294967296,9.5367431640625e-07,9352.0,10000.0,11536.0,6408.0,6664.0,7176.0,7560.0,6408.0,0.10000095367431641,-3592.0,-3336.0,-2824.0,-2440.0,-3592.0
GPT_mini_parity_N8192_D36_G9_even,GPT,mini,9,8192,36,6,384,6,0.0001,0.01,100000,1,4294967296,1.9073486328125e-06,19728.0,21264.0,23568.0,13840.0,14864.0,15632.0,16400.0,13840.0,0.10000190734863282,-7424.0,-6400.0,-5632.0,-4864.0,-7424.0
GPT_mini_parity_N16384_D36_G9_even,GPT,mini,9,16384,36,6,384,6,0.0001,0.01,100000,1,4294967296,3.814697265625e-06,46096.0,48912.0,56656.0,29456.0,31248.0,34064.0,36368.0,29456.0,0.10000381469726563,-19456.0,-17664.0,-14848.0,-12544.0,-19456.0
GPT_mini_parity_N32768_D36_G9_even,GPT,mini,9,32768,36,6,384,6,0.0001,0.01,100000,1,4294967296,7.62939453125e-06,89936.0,,,56656.0,60752.0,66384.0,71504.0,56656.0,0.10000762939453126,,,,,
GPT_mini_parity_N4096_D36_G12_even,GPT,mini,12,4096,36,6,384,6,0.0001,0.01,100000,1,8589934592,4.76837158203125e-07,9864.0,10256.0,11280.0,6408.0,6920.0,7560.0,8200.0,6408.0,0.10000047683715821,-3848.0,-3336.0,-2696.0,-2056.0,-3848.0
GPT_mini_parity_N8192_D36_G12_even,GPT,mini,12,8192,36,6,384,6,0.0001,0.01,100000,1,8589934592,9.5367431640625e-07,18192.0,18960.0,21520.0,12048.0,12816.0,13840.0,14608.0,12048.0,0.10000095367431641,-6912.0,-6144.0,-5120.0,-4352.0,-6912.0
GPT_mini_parity_N16384_D36_G12_even,GPT,mini,12,16384,36,6,384,6,0.0001,0.01,100000,1,8589934592,1.9073486328125e-06,47888.0,53584.0,61776.0,28688.0,31504.0,33552.0,36112.0,28688.0,0.10000190734863282,-24896.0,-22080.0,-20032.0,-17472.0,-24896.0
GPT_mini_parity_N32768_D36_G12_even,GPT,mini,12,32768,36,6,384,6,0.0001,0.01,100000,1,8589934592,3.814697265625e-06,,,,59728.0,64336.0,73040.0,80208.0,59728.0,0.10000381469726563,,,,,
GPT_mini_parity_N4096_D36_G18_even,GPT,mini,18,4096,36,6,384,6,0.0001,0.01,100000,1,17179869184,2.384185791015625e-07,9608.0,10768.0,12304.0,6664.0,6920.0,7432.0,7944.0,6664.0,0.10000023841857911,-4104.0,-3848.0,-3336.0,-2824.0,-4104.0
GPT_mini_parity_N8192_D36_G18_even,GPT,mini,18,8192,36,6,384,6,0.0001,0.01,100000,1,17179869184,4.76837158203125e-07,22544.0,24592.0,29200.0,12304.0,13328.0,14864.0,16912.0,12304.0,0.10000047683715821,-12288.0,-11264.0,-9728.0,-7680.0,-12288.0
GPT_mini_parity_N16384_D36_G18_even,GPT,mini,18,16384,36,6,384,6,0.0001,0.01,100000,1,17179869184,9.5367431640625e-07,45328.0,49424.0,56656.0,24336.0,26640.0,30480.0,33808.0,24336.0,0.10000095367431641,-25088.0,-22784.0,-18944.0,-15616.0,-25088.0
GPT_mini_parity_N32768_D36_G18_even,GPT,mini,18,32768,36,6,384,6,0.0001,0.01,100000,1,17179869184,1.9073486328125e-06,,,,54608.0,59728.0,66896.0,72528.0,54608.0,0.10000190734863282,,,,,
GPT_mini_parity_N4096_D36_G36_even,GPT,mini,36,4096,36,6,384,6,0.0001,0.01,100000,1,34359738368,1.1920928955078125e-07,9096.0,10256.0,12048.0,6280.0,6792.0,7432.0,8072.0,6280.0,0.10000011920928956,-3976.0,-3464.0,-2824.0,-2184.0,-3976.0
GPT_mini_parity_N8192_D36_G36_even,GPT,mini,36,8192,36,6,384,6,0.0001,0.01,100000,1,34359738368,2.384185791015625e-07,24848.0,25872.0,29712.0,16144.0,17936.0,19472.0,21008.0,16144.0,0.10000023841857911,-9728.0,-7936.0,-6400.0,-4864.0,-9728.0
GPT_mini_parity_N16384_D36_G36_even,GPT,mini,36,16384,36,6,384,6,0.0001,0.01,100000,1,34359738368,4.76837158203125e-07,42000.0,45840.0,54608.0,24080.0,27152.0,29968.0,34832.0,24080.0,0.10000047683715821,-21760.0,-18688.0,-15872.0,-11008.0,-21760.0
GPT_mini_parity_N32768_D36_G36_even,GPT,mini,36,32768,36,6,384,6,0.0001,0.01,100000,1,34359738368,9.5367431640625e-07,85328.0,96080.0,,51536.0,56656.0,63312.0,69968.0,51536.0,0.10000095367431641,-44544.0,-39424.0,-32768.0,-26112.0,-44544.0
GPT_nano_parity_N4096_D36_G2_even,GPT,nano,2,4096,36,3,384,6,0.0001,0.01,100000,1,262144,0.015625,66.0,66.0,82.0,5128.0,5640.0,6152.0,6536.0,5128.0,0.115625,5062.0,5574.0,6086.0,6470.0,5062.0
GPT_nano_parity_N4096_D36_G3_even,GPT,nano,3,4096,36,3,384,6,0.0001,0.01,100000,1,16777216,0.000244140625,212.0,220.0,228.0,5768.0,6152.0,6792.0,7304.0,5768.0,0.100244140625,5548.0,5932.0,6572.0,7084.0,5548.0
GPT_nano_parity_N4096_D36_G4_even,GPT,nano,4,4096,36,3,384,6,0.0001,0.01,100000,1,134217728,3.0517578125e-05,2308.0,2308.0,2308.0,6792.0,7304.0,7688.0,8328.0,6792.0,0.100030517578125,4484.0,4996.0,5380.0,6020.0,4484.0
GPT_nano_parity_N4096_D36_G6_even,GPT,nano,6,4096,36,3,384,6,0.0001,0.01,100000,1,1073741824,3.814697265625e-06,9608.0,10768.0,12816.0,6920.0,7304.0,7816.0,8456.0,6920.0,0.10000381469726563,-3848.0,-3464.0,-2952.0,-2312.0,-3848.0
GPT_nano_parity_N4096_D36_G9_even,GPT,nano,9,4096,36,3,384,6,0.0001,0.01,100000,1,4294967296,9.5367431640625e-07,11024.0,11536.0,14864.0,5896.0,6408.0,6920.0,7816.0,5896.0,0.10000095367431641,-5640.0,-5128.0,-4616.0,-3720.0,-5640.0
GPT_nano_parity_N4096_D36_G12_even,GPT,nano,12,4096,36,3,384,6,0.0001,0.01,100000,1,8589934592,4.76837158203125e-07,12560.0,13584.0,15376.0,6536.0,7304.0,8072.0,8968.0,6536.0,0.10000047683715821,-7048.0,-6280.0,-5512.0,-4616.0,-7048.0
GPT_nano_parity_N4096_D36_G18_even,GPT,nano,18,4096,36,3,384,6,0.0001,0.01,100000,1,17179869184,2.384185791015625e-07,12560.0,14352.0,18192.0,6408.0,7304.0,8456.0,9224.0,6408.0,0.10000023841857911,-7944.0,-7048.0,-5896.0,-5128.0,-7944.0
GPT_nano_parity_N4096_D36_G36_even,GPT,nano,36,4096,36,3,384,6,0.0001,0.01,100000,1,34359738368,1.1920928955078125e-07,11792.0,13584.0,16656.0,7304.0,8328.0,9096.0,9608.0,7304.0,0.10000011920928956,-6280.0,-5256.0,-4488.0,-3976.0,-6280.0
